672094270072553533,856275185,煙緋
820094760194539561,860836526,フリーナ
820259617824440340,859544004,胡桃
523425157650579459,801713238,
749150857286910012,821153577,
680766545034739758,864874597,
852860063340822568,828977422,
760664312691032165,856275185,
815468674290286603,808336793,
781061331570130954,837527126,
439370171291795456,824278659,
1104262732133445642,808336793,
707113975648747550,836399589,
689813114455326800,802047702,
765720517477924894,827090688,
425855570843533312,800900921,
616439202783166464,858796198,
909766579506536509,827873029,
637294348316180480,805800702,
963348690720919574,847884182,
762659271845740545,802095741,
425853700112908289,800900921,
1161690395831439360,859544004,胡桃
716868213232762910,858796198,
781734599545323532,834163036,
1081234194224656555,837527126,
721995824850010113,892224808,
860265098797645886,874747017,
1011991778263576686,847703137,
917371967168999454,856984517,
836846445789315102,865061224,
1114873616446783549,865061224,
784334810138148905,807546782,
621216872813166593,886435650,
1218162223180943502,865061224,煙緋
660834162068160522,844842676,
517343014532808704,827462753,
984456093579223051,828977422,
890548422548008961,849033410,
747461698805563514,800079782,
1130794161453420656,863778815,
